Model;SNN_Train_Error;PAC-bayes bound;SNN_Test_Error;KL_Divergence
T-600;0.44224191153301556;0.999999999;0.4420579761006094;2303761.25
