Model;SNN_Train_Error;PAC-bayes bound;SNN_Test_Error;KL_Divergence
T-600;0.44916917688677815;0.999999999;0.45594749230318227;905184.0
