Model;SNN_Train_Error;PAC-bayes bound;SNN_Test_Error;KL_Divergence
T-600;0.4546980570085927;0.999999999;0.4398762744240227;901871.0
