Model;SNN_Train_Error;PAC-bayes bound;SNN_TEST_Error;KL_Divergence
R-600;0.9953830220535331;0.999999999;0.9999938688228245;1523377280.0
