Model;SNN_Train_Error;PAC-bayes bound;SNN_Test_Error;KL_Divergence
T-600;0.4168296720115872;0.999999999;0.459211280596033;37035620.0
