Model;SNN_Train_Error;PAC-bayes bound;SNN_TEST_Error;KL_Divergence
T-600;0.3037371246000581;0.999999999;0.3495942832056006;78653696.0
