Model;SNN_Train_Error;PAC-bayes bound;SNN_TEST_Error;KL_Divergence
T-600;0.9302180517988093;0.999999999;0.9382236652821744;107931048.0
