Model;SNN_Train_Error;PAC-bayes bound;SNN_TEST_Error;KL_Divergence
T-600;0.23913509914558748;0.999999999;0.2858970076226965;79613968.0
